지자체,구분,기관명(입력),조례종류,발견조례명,발견기관명,MST
서울특별시,시,서울특별시,도시계획,서울특별시 도시계획 조례,서울특별시,2116657
서울특별시,시,서울특별시,건축,서울특별시 건축 조례,서울특별시,2116749
서울특별시,시,서울특별시,주차,서울특별시 주차장 설치 및 관리 조례,서울특별시,2116611
서울특별시,시,서울특별시,녹색,서울특별시 녹색건축물 조성 지원 조례,서울특별시,2070489
부산광역시,시,부산광역시,도시계획,부산광역시 도시계획 조례,부산광역시,2120465
부산광역시,시,부산광역시,건축,부산광역시 건축 조례,부산광역시,2112259
부산광역시,시,부산광역시,주차,부산광역시 주차장 설치 및 관리 조례,부산광역시,2120413
부산광역시,시,부산광역시,녹색,부산광역시 녹색건축물 조성 지원 조례,부산광역시,2008463
인천광역시,시,인천광역시,도시계획,인천광역시 도시계획 조례,인천광역시,2104535
인천광역시,시,인천광역시,건축,인천광역시 건축 조례,인천광역시,2084969
인천광역시,시,인천광역시,주차,인천광역시 주차장 설치 및 관리 조례,인천광역시,2073095
인천광역시,시,인천광역시,녹색,인천광역시 녹색건축물 조성 지원 조례,인천광역시,1605945
대구광역시,시,대구광역시,도시계획,대구광역시 도시계획 조례,대구광역시,2128915
대구광역시,시,대구광역시,건축,대구광역시 건축 조례,대구광역시,2128875
대구광역시,시,대구광역시,주차,대구광역시 주차장 설치 및 관리 조례,대구광역시,2091151
대구광역시,시,대구광역시,녹색,대구광역시 녹색건축물 조성 지원 조례,대구광역시,1588895
대전광역시,시,대전광역시,도시계획,대전광역시 도시계획 조례,대전광역시,2110261
대전광역시,시,대전광역시,건축,대전광역시 건축 조례,대전광역시,2122111
대전광역시,시,대전광역시,주차,대전광역시 주차장 조례,대전광역시,2098193
대전광역시,시,대전광역시,녹색,대전광역시 녹색건축물 조성 지원 조례,대전광역시,1438947
광주광역시,시,광주광역시,도시계획,광주광역시 도시계획 조례,광주광역시,2084475
광주광역시,시,광주광역시,건축,광주광역시 건축 조례,광주광역시,2084489
광주광역시,시,광주광역시,주차,광주광역시 주차장 조례,광주광역시,2084493
광주광역시,시,광주광역시,녹색,광주광역시 녹색건축물 조성 지원 조례,광주광역시,1909353
울산광역시,시,울산광역시,도시계획,울산광역시 도시계획 조례,울산광역시,2120867
울산광역시,시,울산광역시,건축,울산광역시 건축 조례,울산광역시,2081597
울산광역시,시,울산광역시,주차,울산광역시 주차장 설치 및 관리 조례,울산광역시,2026989
울산광역시,시,울산광역시,녹색,울산광역시 녹색건축물 조성 지원 조례,울산광역시,1752547
세종특별자치시,시,세종특별자치시,도시계획,세종특별자치시 도시계획 조례,세종특별자치시,2113473
세종특별자치시,시,세종특별자치시,건축,세종특별자치시 건축 조례,세종특별자치시,2028315
세종특별자치시,시,세종특별자치시,주차,세종특별자치시 주차장 설치 및 관리 조례,세종특별자치시,2056965
세종특별자치시,시,세종특별자치시,녹색,세종특별자치시 녹색건축물 조성 지원 조례,세종특별자치시,1589831
제주특별자치도,시,제주특별자치도,도시계획,제주특별자치도 도시계획 조례,제주특별자치도,2096577
제주특별자치도,시,제주특별자치도,건축,제주특별자치도 건축 조례,제주특별자치도,2104835
제주특별자치도,시,제주특별자치도,주차,제주특별자치도 주차장 설치 및 관리 조례,제주특별자치도,2087981
제주특별자치도,시,제주특별자치도,녹색,제주특별자치도 녹색건축물 조성 지원 조례,제주특별자치도,2075843
수원시,시,경기도 수원시,도시계획,수원시 도시계획 조례,경기도 수원시,2102141
수원시,시,경기도 수원시,건축,수원시 건축 조례,경기도 수원시,2117949
수원시,시,경기도 수원시,주차,수원시 주차장 조례,경기도 수원시,2054111
수원시,시,경기도 수원시,녹색,수원시 녹색건축물 조성 지원 조례,경기도 수원시,1930121
용인시,시,경기도 용인시,도시계획,용인시 도시계획 조례,경기도 용인시,2102461
용인시,시,경기도 용인시,건축,용인시 건축 조례,경기도 용인시,2047387
용인시,시,경기도 용인시,주차,용인시 주차장 설치 및 관리 조례,경기도 용인시,2106161
용인시,시,경기도 용인시,녹색,용인시 녹색건축물 조성 지원 조례,경기도 용인시,1723039
고양시,시,경기도 고양시,도시계획,고양시 도시계획 조례,경기도 고양시,2086131
고양시,시,경기도 고양시,건축,고양시 건축 조례,경기도 고양시,2011341
고양시,시,경기도 고양시,주차,고양시 주차장 설치 및 관리 조례,경기도 고양시,2109927
고양시,시,경기도 고양시,녹색,고양시 녹색건축물 조성 지원 조례,경기도 고양시,1930259
성남시,시,경기도 성남시,도시계획,성남시 도시계획 조례,경기도 성남시,2111431
성남시,시,경기도 성남시,건축,성남시 건축 조례,경기도 성남시,2019919
성남시,시,경기도 성남시,주차,성남시 주차장 설치 및 관리 운영에 관한 조례,경기도 성남시,2122295
성남시,시,경기도 성남시,녹색,성남시 녹색건축물 조성 지원 조례,경기도 성남시,2111401
부천시,시,경기도 부천시,도시계획,부천시 도시계획 조례,경기도 부천시,2109243
부천시,시,경기도 부천시,건축,부천시 건축 조례,경기도 부천시,2095387
부천시,시,경기도 부천시,주차,부천시 주차장 설치 및 관리 조례,경기도 부천시,2130259
부천시,시,경기도 부천시,녹색,부천시 녹색건축물 조성 지원 조례,경기도 부천시,1682121
화성시,시,경기도 화성시,도시계획,화성시 도시계획 조례,경기도 화성시,2115001
화성시,시,경기도 화성시,건축,화성시 건축 조례,경기도 화성시,2108305
화성시,시,경기도 화성시,주차,화성시 주차장 설치 및 관리 조례,경기도 화성시,2124973
화성시,시,경기도 화성시,녹색,화성시 녹색건축물 조성 지원 조례,경기도 화성시,1985619
안산시,시,경기도 안산시,도시계획,안산시 도시계획 조례,경기도 안산시,2067975
안산시,시,경기도 안산시,건축,안산시 건축 조례,경기도 안산시,2126365
안산시,시,경기도 안산시,주차,안산시 주차장 조례,경기도 안산시,2126431
안산시,시,경기도 안산시,녹색,안산시 녹색건축물 조성 지원 조례,경기도 안산시,1215319
남양주시,시,경기도 남양주시,도시계획,남양주시 도시계획 조례,경기도 남양주시,2099095
남양주시,시,경기도 남양주시,건축,남양주시 건축 조례,경기도 남양주시,2129563
남양주시,시,경기도 남양주시,주차,남양주시 주차장 조례,경기도 남양주시,2112523
남양주시,시,경기도 남양주시,녹색,남양주시 녹색건축물 조성 지원 조례,경기도 남양주시,1417201
안양시,시,경기도 안양시,도시계획,안양시 도시계획 조례,경기도 안양시,2117933
안양시,시,경기도 안양시,건축,안양시 건축 조례,경기도 안양시,2005099
안양시,시,경기도 안양시,주차,안양시 주차장 설치 및 관리 조례,경기도 안양시,2102223
안양시,시,경기도 안양시,녹색,안양시 녹색건축물 조성 지원 조례,경기도 안양시,2005101
평택시,시,경기도 평택시,도시계획,평택시 도시계획 조례,경기도 평택시,2122835
평택시,시,경기도 평택시,건축,평택시 건축 조례,경기도 평택시,2019005
평택시,시,경기도 평택시,주차,평택시 주차장 설치 및 관리 조례,경기도 평택시,2099063
평택시,시,경기도 평택시,녹색,평택시 녹색건축물 조성 지원 조례,경기도 평택시,1627461
시흥시,시,경기도 시흥시,도시계획,시흥시 도시계획 조례,경기도 시흥시,2118597
시흥시,시,경기도 시흥시,건축,시흥시 건축 조례,경기도 시흥시,2128053
시흥시,시,경기도 시흥시,주차,시흥시 주차장 설치 및 관리 조례,경기도 시흥시,2128143
시흥시,시,경기도 시흥시,녹색,시흥시 녹색건축물 조성 지원 조례,경기도 시흥시,2077021
파주시,시,경기도 파주시,도시계획,파주시 도시계획 조례,경기도 파주시,2022815
파주시,시,경기도 파주시,건축,파주시 건축 조례,경기도 파주시,2022817
파주시,시,경기도 파주시,주차,파주시 주차장 설치 및 관리 조례,경기도 파주시,2084279
파주시,시,경기도 파주시,녹색,파주시 녹색건축물 조성 지원 조례,경기도 파주시,2022819
김포시,시,경기도 김포시,도시계획,김포시 도시계획 조례,경기도 김포시,2036273
김포시,시,경기도 김포시,건축,김포시 건축조례,경기도 김포시,1978811
김포시,시,경기도 김포시,주차,김포시 주차장 조례,경기도 김포시,2028079
김포시,시,경기도 김포시,녹색,김포시 녹색건축물 조성 지원 조례,경기도 김포시,1539613
의정부시,시,경기도 의정부시,도시계획,의정부시 도시계획 조례,경기도 의정부시,2072835
의정부시,시,경기도 의정부시,건축,의정부시 건축 조례,경기도 의정부시,2107039
의정부시,시,경기도 의정부시,주차,의정부시 주차장 설치 및 관리 조례,경기도 의정부시,2107023
의정부시,시,경기도 의정부시,녹색,의정부시 녹색건축물 조성 지원 조례,경기도 의정부시,1254623
광명시,시,경기도 광명시,도시계획,광명시 도시계획 조례,경기도 광명시,2095423
광명시,시,경기도 광명시,건축,광명시 건축 조례,경기도 광명시,2019977
광명시,시,경기도 광명시,주차,광명시 주차장 설치 및 관리 조례,경기도 광명시,2116323
광명시,시,경기도 광명시,녹색,광명시 녹색건축물 조성 지원 조례,경기도 광명시,1632627
군포시,시,경기도 군포시,도시계획,군포시 도시계획 조례,경기도 군포시,2077621
군포시,시,경기도 군포시,건축,군포시 건축 조례,경기도 군포시,2021999
군포시,시,경기도 군포시,주차,군포시 주차장 설치 및 관리 조례,경기도 군포시,1990477
군포시,시,경기도 군포시,녹색,군포시 녹색건축물 조성 지원 조례,경기도 군포시,1294835
하남시,시,경기도 하남시,도시계획,하남시 도시계획 조례,경기도 하남시,2064475
하남시,시,경기도 하남시,건축,하남시 건축 조례,경기도 하남시,2076419
하남시,시,경기도 하남시,주차,하남시 주차장 조례,경기도 하남시,1844801
하남시,시,경기도 하남시,녹색,하남시 녹색건축물 조성 지원 조례,경기도 하남시,1583537
오산시,시,경기도 오산시,도시계획,오산시 도시계획 조례,경기도 오산시,2127873
오산시,시,경기도 오산시,건축,오산시 건축 조례,경기도 오산시,2088099
오산시,시,경기도 오산시,주차,오산시 주차장 조례,경기도 오산시,2127813
오산시,시,경기도 오산시,녹색,오산시 저탄소 녹색건축물 지원 조례,경기도 오산시,821731
양주시,시,경기도 양주시,도시계획,양주시 도시계획 조례,경기도 양주시,2088967
양주시,시,경기도 양주시,건축,양주시 건축 조례,경기도 양주시,2126151
양주시,시,경기도 양주시,주차,양주시 주차장 조례,경기도 양주시,2108757
양주시,시,경기도 양주시,녹색,양주시 녹색건축물 조성 지원 조례,경기도 양주시,1256679
이천시,시,경기도 이천시,도시계획,이천시 도시계획 조례,경기도 이천시,2113131
이천시,시,경기도 이천시,건축,이천시 건축 조례,경기도 이천시,2083339
이천시,시,경기도 이천시,주차,이천시 주차장 설치 및 관리 조례,경기도 이천시,2040013
이천시,시,경기도 이천시,녹색,이천시 녹색건축물 조성 지원 조례,경기도 이천시,1247174
구리시,시,경기도 구리시,도시계획,구리시 도시계획 조례,경기도 구리시,2089953
구리시,시,경기도 구리시,건축,구리시 건축 조례,경기도 구리시,1939689
구리시,시,경기도 구리시,주차,구리시 주차장 조례,경기도 구리시,2119297
구리시,시,경기도 구리시,녹색,구리시 녹색건축물 조성 지원 조례,경기도 구리시,1603825
안성시,시,경기도 안성시,도시계획,안성시 도시계획 조례,경기도 안성시,2121099
안성시,시,경기도 안성시,건축,안성시 건축 조례,경기도 안성시,2115247
안성시,시,경기도 안성시,주차,안성시 주차장 설치 및 관리조례,경기도 안성시,2115243
안성시,시,경기도 안성시,녹색,안성시 녹색건축물 조성 지원 조례,경기도 안성시,1252081
포천시,시,경기도 포천시,도시계획,포천시 도시계획 조례,경기도 포천시,2121989
포천시,시,경기도 포천시,건축,포천시 건축 조례,경기도 포천시,2095735
포천시,시,경기도 포천시,주차,포천시 주차장 설치 및 관리 조례,경기도 포천시,2095709
포천시,시,경기도 포천시,녹색,포천시 녹색건축물 조성 지원 조례,경기도 포천시,1858369
의왕시,시,경기도 의왕시,도시계획,의왕시 도시계획 조례,경기도 의왕시,2002325
의왕시,시,경기도 의왕시,건축,의왕시 건축 조례,경기도 의왕시,1884219
의왕시,시,경기도 의왕시,주차,의왕시 주차장설치 및 관리 조례,경기도 의왕시,2128165
의왕시,시,경기도 의왕시,녹색,의왕시 녹색건축물 조성 지원 조례,경기도 의왕시,1702179
여주시,시,경기도 여주시,도시계획,여주시 도시계획 조례,경기도 여주시,2095885
여주시,시,경기도 여주시,건축,여주시 건축 조례,경기도 여주시,2122479
여주시,시,경기도 여주시,주차,여주시 주차장 조례,경기도 여주시,2049793
여주시,시,경기도 여주시,녹색,여주시 녹색건축물 조성 지원 조례,경기도 여주시,1268345
동두천시,시,경기도 동두천시,도시계획,동두천시 도시계획 조례,경기도 동두천시,2127631
동두천시,시,경기도 동두천시,건축,동두천시 건축 조례,경기도 동두천시,2127711
동두천시,시,경기도 동두천시,주차,동두천시 주차장 설치 및 관리 조례,경기도 동두천시,2127619
동두천시,시,경기도 동두천시,녹색,동두천시 녹색건축물 조성 지원 조례,경기도 동두천시,1967677
과천시,시,경기도 과천시,도시계획,과천시 도시계획 조례,경기도 과천시,2078539
과천시,시,경기도 과천시,건축,과천시 건축 조례,경기도 과천시,1927741
과천시,시,경기도 과천시,주차,과천시 주차장 조례,경기도 과천시,2095451
과천시,시,경기도 과천시,녹색,과천시 녹색건축물 조성 지원 조례,경기도 과천시,1313983
광주시,시,경기도 광주시,도시계획,광주시 도시계획 조례,경기도 광주시,2123363
광주시,시,경기도 광주시,건축,광주시 건축 조례,경기도 광주시,2029603
광주시,시,경기도 광주시,주차,광주시 주차장 설치 및 관리 조례,경기도 광주시,2123333
광주시,시,경기도 광주시,녹색,광주시 녹색건축물 조성 지원 조례,경기도 광주시,1260262
춘천시,시,강원특별자치도 춘천시,도시계획,춘천시 도시계획 조례,강원특별자치도 춘천시,2112587
춘천시,시,강원특별자치도 춘천시,건축,춘천시 건축 조례,강원특별자치도 춘천시,2088199
춘천시,시,강원특별자치도 춘천시,주차,춘천시 주차장 설치 및 관리 조례,강원특별자치도 춘천시,2125495
춘천시,시,강원특별자치도 춘천시,녹색,춘천시 녹색건축물 조성 지원 조례,강원특별자치도 춘천시,1420073
원주시,시,강원특별자치도 원주시,도시계획,원주시 도시계획 조례,강원특별자치도 원주시,2106795
원주시,시,강원특별자치도 원주시,건축,원주시 건축 조례,강원특별자치도 원주시,2106793
원주시,시,강원특별자치도 원주시,주차,원주시 주차장 설치 및 관리 조례,강원특별자치도 원주시,2109995
원주시,시,강원특별자치도 원주시,녹색,원주시 녹색건축물 조성 지원 조례,강원특별자치도 원주시,1920873
강릉시,시,강원특별자치도 강릉시,도시계획,강릉시 도시계획 조례,강원특별자치도 강릉시,2102673
강릉시,시,강원특별자치도 강릉시,건축,강릉시 건축 조례,강원특별자치도 강릉시,2071113
강릉시,시,강원특별자치도 강릉시,주차,강릉시 주차장 설치 및 관리 조례,강원특별자치도 강릉시,1969911
강릉시,시,강원특별자치도 강릉시,녹색,,,
동해시,시,강원특별자치도 동해시,도시계획,동해시 도시계획 조례,강원특별자치도 동해시,2091767
동해시,시,강원특별자치도 동해시,건축,동해시 건축 조례,강원특별자치도 동해시,2129057
동해시,시,강원특별자치도 동해시,주차,동해시 주차장 설치 및 관리 조례,강원특별자치도 동해시,2068013
동해시,시,강원특별자치도 동해시,녹색,동해시 녹색건축물 조성 지원 조례,강원특별자치도 동해시,1603729
태백시,시,강원특별자치도 태백시,도시계획,태백시 도시계획 조례,강원특별자치도 태백시,2110049
태백시,시,강원특별자치도 태백시,건축,태백시 건축 조례,강원특별자치도 태백시,2056769
태백시,시,강원특별자치도 태백시,주차,태백시 주차장 설치 및 관리 조례,강원특별자치도 태백시,2076445
태백시,시,강원특별자치도 태백시,녹색,,,
속초시,시,강원특별자치도 속초시,도시계획,속초시 도시계획 조례,강원특별자치도 속초시,2121085
속초시,시,강원특별자치도 속초시,건축,속초시 건축 조례,강원특별자치도 속초시,2079369
속초시,시,강원특별자치도 속초시,주차,속초시 주차장 설치 및 관리 조례,강원특별자치도 속초시,2094535
속초시,시,강원특별자치도 속초시,녹색,,,
삼척시,시,강원특별자치도 삼척시,도시계획,삼척시 도시계획 조례,강원특별자치도 삼척시,2063433
삼척시,시,강원특별자치도 삼척시,건축,삼척시 건축 조례,강원특별자치도 삼척시,1964129
삼척시,시,강원특별자치도 삼척시,주차,삼척시 주차장 설치 및 관리 조례,강원특별자치도 삼척시,2117179
삼척시,시,강원특별자치도 삼척시,녹색,,,
청주시,시,충청북도 청주시,도시계획,청주시 도시계획 조례,충청북도 청주시,2122093
청주시,시,충청북도 청주시,건축,청주시 건축 조례,충청북도 청주시,2122075
청주시,시,충청북도 청주시,주차,청주시 주차장 조례,충청북도 청주시,2055959
청주시,시,충청북도 청주시,녹색,청주시 녹색건축물 조성 지원 조례,충청북도 청주시,1729613
충주시,시,충청북도 충주시,도시계획,충주시 도시계획 조례,충청북도 충주시,2126707
충주시,시,충청북도 충주시,건축,충주시 건축 조례,충청북도 충주시,2126689
충주시,시,충청북도 충주시,주차,충주시 주차장 조례,충청북도 충주시,2126709
충주시,시,충청북도 충주시,녹색,,,
제천시,시,충청북도 제천시,도시계획,제천시 도시계획 조례,충청북도 제천시,2128449
제천시,시,충청북도 제천시,건축,제천시 건축 조례,충청북도 제천시,2128451
제천시,시,충청북도 제천시,주차,제천시 주차장 설치 및 관리 조례,충청북도 제천시,2115437
제천시,시,충청북도 제천시,녹색,,,
천안시,시,충청남도 천안시,도시계획,천안시 도시계획 조례,충청남도 천안시,1932763
천안시,시,충청남도 천안시,건축,천안시 건축 조례,충청남도 천안시,2084345
천안시,시,충청남도 천안시,주차,천안시 주차장 조례,충청남도 천안시,1939871
천안시,시,충청남도 천안시,녹색,천안시 녹색건축물 조성 지원 조례,충청남도 천안시,1968823
공주시,시,충청남도 공주시,도시계획,공주시 도시계획 조례,충청남도 공주시,2092049
공주시,시,충청남도 공주시,건축,공주시 건축 조례,충청남도 공주시,2122877
공주시,시,충청남도 공주시,주차,공주시 주차장 조례,충청남도 공주시,2122883
공주시,시,충청남도 공주시,녹색,,,
보령시,시,충청남도 보령시,도시계획,보령시 도시계획 조례,충청남도 보령시,2083897
보령시,시,충청남도 보령시,건축,보령시 건축 조례,충청남도 보령시,2066811
보령시,시,충청남도 보령시,주차,보령시 주차장 조례,충청남도 보령시,2066813
보령시,시,충청남도 보령시,녹색,보령시 녹색건축물 조성 지원 조례,충청남도 보령시,1905335
아산시,시,충청남도 아산시,도시계획,아산시 도시계획 조례,충청남도 아산시,2111831
아산시,시,충청남도 아산시,건축,아산시 건축 조례,충청남도 아산시,2111833
아산시,시,충청남도 아산시,주차,아산시 주차장 조례,충청남도 아산시,2079413
아산시,시,충청남도 아산시,녹색,아산시 녹색건축물 조성 지원 조례,충청남도 아산시,2092119
서산시,시,충청남도 서산시,도시계획,서산시 도시계획 조례,충청남도 서산시,2090923
서산시,시,충청남도 서산시,건축,서산시 건축 조례,충청남도 서산시,1884433
서산시,시,충청남도 서산시,주차,서산시 주차장 조례,충청남도 서산시,2063887
서산시,시,충청남도 서산시,녹색,,,
논산시,시,충청남도 논산시,도시계획,논산시 도시계획 조례,충청남도 논산시,2095519
논산시,시,충청남도 논산시,건축,논산시 건축 조례,충청남도 논산시,1911369
논산시,시,충청남도 논산시,주차,,,
논산시,시,충청남도 논산시,녹색,,,
계룡시,시,충청남도 계룡시,도시계획,계룡시 도시계획 조례,충청남도 계룡시,2088919
계룡시,시,충청남도 계룡시,건축,계룡시 건축 조례,충청남도 계룡시,1913871
계룡시,시,충청남도 계룡시,주차,계룡시 주차장 설치 조례,충청남도 계룡시,2091087
계룡시,시,충청남도 계룡시,녹색,,,
당진시,시,충청남도 당진시,도시계획,당진시 도시계획 조례,충청남도 당진시,2092539
당진시,시,충청남도 당진시,건축,당진시 건축 조례,충청남도 당진시,2092559
당진시,시,충청남도 당진시,주차,당진시 주차장 조례,충청남도 당진시,2123395
당진시,시,충청남도 당진시,녹색,당진시 녹색건축물 조성 지원 조례,충청남도 당진시,1666279
전주시,시,전북특별자치도 전주시,도시계획,전주시 도시계획 조례,전북특별자치도 전주시,2122435
전주시,시,전북특별자치도 전주시,건축,전주시 건축 조례,전북특별자치도 전주시,2098561
전주시,시,전북특별자치도 전주시,주차,전주시 주차장 조례,전북특별자치도 전주시,2087171
전주시,시,전북특별자치도 전주시,녹색,전주시 녹색건축물 조성 지원 조례,전북특별자치도 전주시,1899039
군산시,시,전북특별자치도 군산시,도시계획,군산시 도시계획 조례,전북특별자치도 군산시,2030847
군산시,시,전북특별자치도 군산시,건축,군산시 건축 조례,전북특별자치도 군산시,1960951
군산시,시,전북특별자치도 군산시,주차,군산시 주차장 조례,전북특별자치도 군산시,2092723
군산시,시,전북특별자치도 군산시,녹색,군산시 녹색건축물 조성 지원 조례,전북특별자치도 군산시,1882507
익산시,시,전북특별자치도 익산시,도시계획,익산시 도시계획 조례,전북특별자치도 익산시,2103039
익산시,시,전북특별자치도 익산시,건축,익산시 건축조례,전북특별자치도 익산시,2037215
익산시,시,전북특별자치도 익산시,주차,익산시 주차장 설치 및 관리 조례,전북특별자치도 익산시,2084745
익산시,시,전북특별자치도 익산시,녹색,익산시 녹색건축물 조성 지원 조례,전북특별자치도 익산시,1913787
정읍시,시,전북특별자치도 정읍시,도시계획,정읍시 도시계획 조례,전북특별자치도 정읍시,2121657
정읍시,시,전북특별자치도 정읍시,건축,정읍시 건축 조례,전북특별자치도 정읍시,1905537
정읍시,시,전북특별자치도 정읍시,주차,정읍시 주차장 조례,전북특별자치도 정읍시,2128523
정읍시,시,전북특별자치도 정읍시,녹색,정읍시 녹색건축물 조성 지원 조례,전북특별자치도 정읍시,1690279
남원시,시,전북특별자치도 남원시,도시계획,남원시 도시계획 조례,전북특별자치도 남원시,2093179
남원시,시,전북특별자치도 남원시,건축,남원시 건축 조례,전북특별자치도 남원시,2059059
남원시,시,전북특별자치도 남원시,주차,남원시 주차장 조례,전북특별자치도 남원시,2119645
남원시,시,전북특별자치도 남원시,녹색,,,
김제시,시,전북특별자치도 김제시,도시계획,김제시 도시계획 조례,전북특별자치도 김제시,2092743
김제시,시,전북특별자치도 김제시,건축,김제시 건축 조례,전북특별자치도 김제시,2112713
김제시,시,전북특별자치도 김제시,주차,김제시 주차장 조례,전북특별자치도 김제시,2087227
김제시,시,전북특별자치도 김제시,녹색,,,
목포시,시,전라남도 목포시,도시계획,목포시 도시계획 조례,전라남도 목포시,2099295
목포시,시,전라남도 목포시,건축,목포시 건축 조례,전라남도 목포시,2100691
목포시,시,전라남도 목포시,주차,목포시 주차장 설치 및 관리 조례,전라남도 목포시,1831167
목포시,시,전라남도 목포시,녹색,,,
여수시,시,전라남도 여수시,도시계획,여수시 도시계획 조례,전라남도 여수시,2090475
여수시,시,전라남도 여수시,건축,여수시 건축 조례,전라남도 여수시,2113323
여수시,시,전라남도 여수시,주차,여수시 주차장 조례,전라남도 여수시,2074037
여수시,시,전라남도 여수시,녹색,,,
순천시,시,전라남도 순천시,도시계획,순천시 도시계획 조례,전라남도 순천시,2113913
순천시,시,전라남도 순천시,건축,순천시 건축 조례,전라남도 순천시,2047973
순천시,시,전라남도 순천시,주차,순천시 주차장 설치 및 관리 조례,전라남도 순천시,2074069
순천시,시,전라남도 순천시,녹색,순천시 녹색건축물 조성 지원 조례,전라남도 순천시,1786447
나주시,시,전라남도 나주시,도시계획,나주시 도시계획 조례,전라남도 나주시,2103137
나주시,시,전라남도 나주시,건축,나주시 건축 조례,전라남도 나주시,2113941
나주시,시,전라남도 나주시,주차,나주시 주차장설치 및 관리 조례,전라남도 나주시,2053221
나주시,시,전라남도 나주시,녹색,나주시 녹색건축물 조성 지원 조례,전라남도 나주시,1895425
광양시,시,전라남도 광양시,도시계획,광양시 도시계획 조례,전라남도 광양시,2105463
광양시,시,전라남도 광양시,건축,광양시 건축 조례,전라남도 광양시,2105721
광양시,시,전라남도 광양시,주차,광양시 주차장 조례,전라남도 광양시,1988175
광양시,시,전라남도 광양시,녹색,,,
포항시,시,경상북도 포항시,도시계획,포항시 도시계획 조례,경상북도 포항시,2106311
포항시,시,경상북도 포항시,건축,포항시 건축 조례,경상북도 포항시,2110467
포항시,시,경상북도 포항시,주차,포항시 주차장 설치 및 관리 조례,경상북도 포항시,2075501
포항시,시,경상북도 포항시,녹색,포항시 녹색건축물 조성 지원 조례,경상북도 포항시,2091041
경주시,시,경상북도 경주시,도시계획,경주시 도시계획 조례,경상북도 경주시,2057435
경주시,시,경상북도 경주시,건축,경주시 건축 조례,경상북도 경주시,2075527
경주시,시,경상북도 경주시,주차,경주시 주차장 조례,경상북도 경주시,2112099
경주시,시,경상북도 경주시,녹색,,,
김천시,시,경상북도 김천시,도시계획,김천시 도시계획 조례,경상북도 김천시,2112719
김천시,시,경상북도 김천시,건축,김천시 건축 조례,경상북도 김천시,2098025
김천시,시,경상북도 김천시,주차,김천시 주차장 설치 및 관리 조례,경상북도 김천시,1985395
김천시,시,경상북도 김천시,녹색,,,
안동시,시,경상북도 안동시,도시계획,안동시 도시계획 조례,경상북도 안동시,2103263
안동시,시,경상북도 안동시,건축,안동시 건축 조례,경상북도 안동시,2121729
안동시,시,경상북도 안동시,주차,안동시 주차장 조례,경상북도 안동시,2051383
안동시,시,경상북도 안동시,녹색,안동시 녹색건축물 조성 지원 조례,경상북도 안동시,1582695
구미시,시,경상북도 구미시,도시계획,구미시 도시계획 조례,경상북도 구미시,1970211
구미시,시,경상북도 구미시,건축,구미시 건축 조례,경상북도 구미시,2034569
구미시,시,경상북도 구미시,주차,구미시 주차장 설치 및 관리 조례,경상북도 구미시,2103323
구미시,시,경상북도 구미시,녹색,구미시 녹색건축물 조성 지원 조례,경상북도 구미시,2118433
영주시,시,경상북도 영주시,도시계획,영주시 도시계획 조례,경상북도 영주시,2099533
영주시,시,경상북도 영주시,건축,영주시 건축 조례,경상북도 영주시,2125975
영주시,시,경상북도 영주시,주차,영주시 주차장 조례,경상북도 영주시,2125925
영주시,시,경상북도 영주시,녹색,,,
영천시,시,경상북도 영천시,도시계획,영천시 도시계획 조례,경상북도 영천시,2000711
영천시,시,경상북도 영천시,건축,영천시 건축 조례,경상북도 영천시,1971041
영천시,시,경상북도 영천시,주차,영천시 주차장 조례,경상북도 영천시,2087811
영천시,시,경상북도 영천시,녹색,,,
상주시,시,경상북도 상주시,도시계획,상주시 도시계획 조례,경상북도 상주시,2116275
상주시,시,경상북도 상주시,건축,상주시 건축조례,경상북도 상주시,2103425
상주시,시,경상북도 상주시,주차,상주시 주차장 조례,경상북도 상주시,2116149
상주시,시,경상북도 상주시,녹색,,,
문경시,시,경상북도 문경시,도시계획,문경시 도시계획 조례,경상북도 문경시,2100779
문경시,시,경상북도 문경시,건축,문경시 건축 조례,경상북도 문경시,2024865
문경시,시,경상북도 문경시,주차,문경시 주차장 조례,경상북도 문경시,1652921
문경시,시,경상북도 문경시,녹색,,,
경산시,시,경상북도 경산시,도시계획,경산시 도시계획 조례,경상북도 경산시,2106343
경산시,시,경상북도 경산시,건축,경산시 건축 조례,경상북도 경산시,2054629
경산시,시,경상북도 경산시,주차,경산시 주차장 조례,경상북도 경산시,2072899
경산시,시,경상북도 경산시,녹색,,,
창원시,시,경상남도 창원시,도시계획,창원시 도시계획 조례,경상남도 창원시,2110201
창원시,시,경상남도 창원시,건축,창원시 건축 조례,경상남도 창원시,2129943
창원시,시,경상남도 창원시,주차,창원시 주차장 설치 및 관리 조례,경상남도 창원시,2074311
창원시,시,경상남도 창원시,녹색,창원시 녹색건축물 조성 지원 조례,경상남도 창원시,1848069
진주시,시,경상남도 진주시,도시계획,진주시 도시계획조례,경상남도 진주시,2127421
진주시,시,경상남도 진주시,건축,진주시 건축조례,경상남도 진주시,2027599
진주시,시,경상남도 진주시,주차,진주시 주차장 조례,경상남도 진주시,1816703
진주시,시,경상남도 진주시,녹색,,,
통영시,시,경상남도 통영시,도시계획,통영시 도시계획조례,경상남도 통영시,2105587
통영시,시,경상남도 통영시,건축,통영시 건축 조례,경상남도 통영시,2105589
통영시,시,경상남도 통영시,주차,통영시 주차장 조례,경상남도 통영시,2039005
통영시,시,경상남도 통영시,녹색,,,
사천시,시,경상남도 사천시,도시계획,사천시 도시계획조례,경상남도 사천시,2112751
사천시,시,경상남도 사천시,건축,사천시 건축조례,경상남도 사천시,2112675
사천시,시,경상남도 사천시,주차,사천시 주차장 조례,경상남도 사천시,2112747
사천시,시,경상남도 사천시,녹색,,,
김해시,시,경상남도 김해시,도시계획,김해시 도시계획 조례,경상남도 김해시,2118405
김해시,시,경상남도 김해시,건축,김해시 건축 조례,경상남도 김해시,2037311
김해시,시,경상남도 김해시,주차,김해시 주차장 설치 및 관리 조례,경상남도 김해시,1702561
김해시,시,경상남도 김해시,녹색,,,
밀양시,시,경상남도 밀양시,도시계획,밀양시 도시계획 조례,경상남도 밀양시,2035513
밀양시,시,경상남도 밀양시,건축,밀양시 건축 조례,경상남도 밀양시,1909271
밀양시,시,경상남도 밀양시,주차,밀양시 주차장 조례,경상남도 밀양시,2064985
밀양시,시,경상남도 밀양시,녹색,,,
거제시,시,경상남도 거제시,도시계획,거제시 도시계획 조례,경상남도 거제시,2120831
거제시,시,경상남도 거제시,건축,거제시 건축 조례,경상남도 거제시,2133929
거제시,시,경상남도 거제시,주차,거제시 주차장 조례,경상남도 거제시,2120833
거제시,시,경상남도 거제시,녹색,,,
양산시,시,경상남도 양산시,도시계획,양산시 도시계획 조례,경상남도 양산시,2091561
양산시,시,경상남도 양산시,건축,양산시 건축조례,경상남도 양산시,2118723
양산시,시,경상남도 양산시,주차,양산시 주차장 설치 및 관리조례,경상남도 양산시,2050693
양산시,시,경상남도 양산시,녹색,양산시 녹색건축물 조성 지원 조례,경상남도 양산시,1481853
가평군,군,경기도 가평군,도시계획,가평군 군계획 조례,경기도 가평군,2124585
가평군,군,경기도 가평군,건축,가평군 건축 조례,경기도 가평군,2124589
가평군,군,경기도 가평군,주차,가평군 주차장 설치 및 관리 조례,경기도 가평군,2039645
가평군,군,경기도 가평군,녹색,가평군 녹색건축물 조성 지원 조례,경기도 가평군,2124469
양평군,군,경기도 양평군,도시계획,양평군 도시계획 조례,경기도 양평군,2005435
양평군,군,경기도 양평군,건축,양평군 건축 조례,경기도 양평군,2087063
양평군,군,경기도 양평군,주차,양평군 주차장 조례,경기도 양평군,2087065
양평군,군,경기도 양평군,녹색,양평군 녹색건축물 조성 지원 조례,경기도 양평군,1251064
연천군,군,경기도 연천군,도시계획,연천군 군계획조례,경기도 연천군,2123687
연천군,군,경기도 연천군,건축,연천군 건축조례,경기도 연천군,1924333
연천군,군,경기도 연천군,주차,연천군 주차장 설치조례,경기도 연천군,1883467
연천군,군,경기도 연천군,녹색,연천군 녹색건축물 조성 지원 조례,경기도 연천군,1249652
홍천군,군,강원특별자치도 홍천군,도시계획,홍천군 군계획 조례,강원특별자치도 홍천군,2121139
홍천군,군,강원특별자치도 홍천군,건축,홍천군 건축 조례,강원특별자치도 홍천군,1911125
홍천군,군,강원특별자치도 홍천군,주차,홍천군 주차장 설치 및 관리 조례,강원특별자치도 홍천군,2072581
홍천군,군,강원특별자치도 홍천군,녹색,,,
횡성군,군,강원특별자치도 횡성군,도시계획,횡성군 군계획 조례,강원특별자치도 횡성군,2125215
횡성군,군,강원특별자치도 횡성군,건축,횡성군 건축 조례,강원특별자치도 횡성군,2010591
횡성군,군,강원특별자치도 횡성군,주차,횡성군 주차장 설치 및 관리 조례,강원특별자치도 횡성군,2093039
횡성군,군,강원특별자치도 횡성군,녹색,횡성군 녹색건축물 조성 지원에 관한 조례,강원특별자치도 횡성군,2029167
영월군,군,강원특별자치도 영월군,도시계획,영월군 군계획 조례,강원특별자치도 영월군,2109147
영월군,군,강원특별자치도 영월군,건축,영월군 건축 조례,강원특별자치도 영월군,2118993
영월군,군,강원특별자치도 영월군,주차,영월군 주차장 설치 및 관리 조례,강원특별자치도 영월군,1869037
영월군,군,강원특별자치도 영월군,녹색,,,
평창군,군,강원특별자치도 평창군,도시계획,평창군 군계획 조례,강원특별자치도 평창군,1979117
평창군,군,강원특별자치도 평창군,건축,평창군 건축 조례,강원특별자치도 평창군,1983083
평창군,군,강원특별자치도 평창군,주차,평창군 주차장 설치 및 관리 조례,강원특별자치도 평창군,2046555
평창군,군,강원특별자치도 평창군,녹색,,,
정선군,군,강원특별자치도 정선군,도시계획,정선군 군계획 조례,강원특별자치도 정선군,2029433
정선군,군,강원특별자치도 정선군,건축,정선군 건축 조례,강원특별자치도 정선군,1927417
정선군,군,강원특별자치도 정선군,주차,정선군 주차장 설치 및 관리 조례,강원특별자치도 정선군,2091817
정선군,군,강원특별자치도 정선군,녹색,,,
철원군,군,강원특별자치도 철원군,도시계획,철원군 도시계획조례,강원특별자치도 철원군,2108349
철원군,군,강원특별자치도 철원군,건축,철원군 건축조례,강원특별자치도 철원군,2093533
철원군,군,강원특별자치도 철원군,주차,철원군 주차장 설치 및 관리조례,강원특별자치도 철원군,2026551
철원군,군,강원특별자치도 철원군,녹색,,,
화천군,군,강원특별자치도 화천군,도시계획,화천군 군계획 조례,강원특별자치도 화천군,2117227
화천군,군,강원특별자치도 화천군,건축,화천군 건축 조례,강원특별자치도 화천군,1974851
화천군,군,강원특별자치도 화천군,주차,화천군 주차장 설치 및 관리 조례,강원특별자치도 화천군,2083865
화천군,군,강원특별자치도 화천군,녹색,,,
양구군,군,강원특별자치도 양구군,도시계획,양구군 도시계획조례,강원특별자치도 양구군,2094605
양구군,군,강원특별자치도 양구군,건축,양구군 건축조례,강원특별자치도 양구군,2094589
양구군,군,강원특별자치도 양구군,주차,양구군 주차장 설치 및 관리조례,강원특별자치도 양구군,2124015
양구군,군,강원특별자치도 양구군,녹색,,,
인제군,군,강원특별자치도 인제군,도시계획,인제군 군계획 조례,강원특별자치도 인제군,2099217
인제군,군,강원특별자치도 인제군,건축,인제군 건축 조례,강원특별자치도 인제군,1966277
인제군,군,강원특별자치도 인제군,주차,인제군 주차장설치 및 관리 조례,강원특별자치도 인제군,1966271
인제군,군,강원특별자치도 인제군,녹색,,,
고성군,군,강원특별자치도 고성군,도시계획,고성군 군계획 조례,강원특별자치도 고성군,2121233
고성군,군,강원특별자치도 고성군,건축,고성군 건축 조례,강원특별자치도 고성군,1920959
고성군,군,강원특별자치도 고성군,주차,고성군 주차장 설치 및 관리 조례,강원특별자치도 고성군,2121231
고성군,군,강원특별자치도 고성군,녹색,,,
양양군,군,강원특별자치도 양양군,도시계획,양양군 군계획 조례,강원특별자치도 양양군,2102945
양양군,군,강원특별자치도 양양군,건축,양양군 건축 조례,강원특별자치도 양양군,2008231
양양군,군,강원특별자치도 양양군,주차,양양군 주차장 설치 및 관리 조례,강원특별자치도 양양군,2069713
양양군,군,강원특별자치도 양양군,녹색,,,
보은군,군,충청북도 보은군,도시계획,보은군 군계획 조례,충청북도 보은군,2082909
보은군,군,충청북도 보은군,건축,보은군 건축 조례,충청북도 보은군,2046641
보은군,군,충청북도 보은군,주차,보은군 주차장 조례,충청북도 보은군,2115451
보은군,군,충청북도 보은군,녹색,,,
옥천군,군,충청북도 옥천군,도시계획,옥천군 군계획 조례,충청북도 옥천군,2054307
옥천군,군,충청북도 옥천군,건축,옥천군 건축 조례,충청북도 옥천군,2088227
옥천군,군,충청북도 옥천군,주차,옥천군 주차장 조례,충청북도 옥천군,2088291
옥천군,군,충청북도 옥천군,녹색,,,
영동군,군,충청북도 영동군,도시계획,영동군 군계획 조례,충청북도 영동군,2005799
영동군,군,충청북도 영동군,건축,영동군 건축 조례,충청북도 영동군,2126733
영동군,군,충청북도 영동군,주차,,,
영동군,군,충청북도 영동군,녹색,,,
증평군,군,충청북도 증평군,도시계획,증평군 군계획 조례,충청북도 증평군,2087667
증평군,군,충청북도 증평군,건축,증평군 건축 조례,충청북도 증평군,2080989
증평군,군,충청북도 증평군,주차,증평군 주차장 조례,충청북도 증평군,2080985
증평군,군,충청북도 증평군,녹색,,,
진천군,군,충청북도 진천군,도시계획,진천군 군계획 조례,충청북도 진천군,2109249
진천군,군,충청북도 진천군,건축,진천군 건축 조례,충청북도 진천군,2033237
진천군,군,충청북도 진천군,주차,진천군 주차장 조례,충청북도 진천군,1940519
진천군,군,충청북도 진천군,녹색,,,
괴산군,군,충청북도 괴산군,도시계획,괴산군 군계획 조례,충청북도 괴산군,2109185
괴산군,군,충청북도 괴산군,건축,괴산군 건축 조례,충청북도 괴산군,2097805
괴산군,군,충청북도 괴산군,주차,괴산군 주차장 조례,충청북도 괴산군,2080925
괴산군,군,충청북도 괴산군,녹색,,,
음성군,군,충청북도 음성군,도시계획,음성군 군계획 조례,충청북도 음성군,2106201
음성군,군,충청북도 음성군,건축,음성군 건축 조례,충청북도 음성군,2080465
음성군,군,충청북도 음성군,주차,음성군 주차장 조례,충청북도 음성군,1773701
음성군,군,충청북도 음성군,녹색,,,
단양군,군,충청북도 단양군,도시계획,단양군 군계획 조례,충청북도 단양군,1974929
단양군,군,충청북도 단양군,건축,단양군 건축 조례,충청북도 단양군,2005845
단양군,군,충청북도 단양군,주차,단양군 주차장 조례,충청북도 단양군,1835481
단양군,군,충청북도 단양군,녹색,,,
금산군,군,충청남도 금산군,도시계획,금산군 도시계획 조례,충청남도 금산군,2083975
금산군,군,충청남도 금산군,건축,금산군 건축 조례,충청남도 금산군,1885273
금산군,군,충청남도 금산군,주차,,,
금산군,군,충청남도 금산군,녹색,금산군 녹색건축물 조성 지원 조례,충청남도 금산군,1714391
부여군,군,충청남도 부여군,도시계획,부여군 군계획 조례,충청남도 부여군,2093561
부여군,군,충청남도 부여군,건축,부여군 건축 조례,충청남도 부여군,2093563
부여군,군,충청남도 부여군,주차,부여군 주차장 조례,충청남도 부여군,2106207
부여군,군,충청남도 부여군,녹색,부여군 녹색건축물 지원 조례,충청남도 부여군,2114923
서천군,군,충청남도 서천군,도시계획,서천군 도시계획 조례,충청남도 서천군,2089339
서천군,군,충청남도 서천군,건축,서천군 건축 조례,충청남도 서천군,2035729
서천군,군,충청남도 서천군,주차,서천군 주차장 조례,충청남도 서천군,1884647
서천군,군,충청남도 서천군,녹색,,,
청양군,군,충청남도 청양군,도시계획,청양군 군계획 조례,충청남도 청양군,2092161
청양군,군,충청남도 청양군,건축,청양군 건축 조례,충청남도 청양군,2057305
청양군,군,충청남도 청양군,주차,청양군 주차장 설치 조례,충청남도 청양군,2092155
청양군,군,충청남도 청양군,녹색,,,
홍성군,군,충청남도 홍성군,도시계획,홍성군 군계획 조례,충청남도 홍성군,2113307
홍성군,군,충청남도 홍성군,건축,홍성군 건축 조례,충청남도 홍성군,2092245
홍성군,군,충청남도 홍성군,주차,홍성군 주차장 조례,충청남도 홍성군,2092217
홍성군,군,충청남도 홍성군,녹색,,,
예산군,군,충청남도 예산군,도시계획,예산군 군계획 조례,충청남도 예산군,2088757
예산군,군,충청남도 예산군,건축,예산군 건축 조례,충청남도 예산군,2121635
예산군,군,충청남도 예산군,주차,예산군 주차장 설치 조례,충청남도 예산군,2032883
예산군,군,충청남도 예산군,녹색,,,
태안군,군,충청남도 태안군,도시계획,태안군 도시계획 조례,충청남도 태안군,2117975
태안군,군,충청남도 태안군,건축,태안군 건축 조례,충청남도 태안군,2113309
태안군,군,충청남도 태안군,주차,태안군 주차장 조례,충청남도 태안군,2092329
태안군,군,충청남도 태안군,녹색,,,
완주군,군,전북특별자치도 완주군,도시계획,완주군 계획 조례,전북특별자치도 완주군,2093577
완주군,군,전북특별자치도 완주군,건축,완주군 건축 조례,전북특별자치도 완주군,2085641
완주군,군,전북특별자치도 완주군,주차,완주군 주차장 조례,전북특별자치도 완주군,2114659
완주군,군,전북특별자치도 완주군,녹색,완주군 녹색건축물 조성 지원 조례,전북특별자치도 완주군,2031575
진안군,군,전북특별자치도 진안군,도시계획,진안군 계획 조례,전북특별자치도 진안군,2117603
진안군,군,전북특별자치도 진안군,건축,진안군 건축 조례,전북특별자치도 진안군,1927813
진안군,군,전북특별자치도 진안군,주차,진안군 주차장 조례,전북특별자치도 진안군,2022207
진안군,군,전북특별자치도 진안군,녹색,,,
무주군,군,전북특별자치도 무주군,도시계획,무주군 군계획 조례,전북특별자치도 무주군,2090963
무주군,군,전북특별자치도 무주군,건축,무주군 건축 조례,전북특별자치도 무주군,2082035
무주군,군,전북특별자치도 무주군,주차,무주군 주차장 설치 및 관리 조례,전북특별자치도 무주군,2090959
무주군,군,전북특별자치도 무주군,녹색,,,
장수군,군,전북특별자치도 장수군,도시계획,장수군 군계획 조례,전북특별자치도 장수군,2118571
장수군,군,전북특별자치도 장수군,건축,장수군 건축 조례,전북특별자치도 장수군,1956407
장수군,군,전북특별자치도 장수군,주차,장수군 주차장 조례,전북특별자치도 장수군,1727811
장수군,군,전북특별자치도 장수군,녹색,,,
임실군,군,전북특별자치도 임실군,도시계획,임실군 계획 조례,전북특별자치도 임실군,2111947
임실군,군,전북특별자치도 임실군,건축,임실군 건축 조례,전북특별자치도 임실군,2006069
임실군,군,전북특별자치도 임실군,주차,임실군 주차장 조례,전북특별자치도 임실군,2105415
임실군,군,전북특별자치도 임실군,녹색,,,
순창군,군,전북특별자치도 순창군,도시계획,순창군 계획 조례,전북특별자치도 순창군,2123067
순창군,군,전북특별자치도 순창군,건축,순창군 건축 조례,전북특별자치도 순창군,1973339
순창군,군,전북특별자치도 순창군,주차,순창군 주차장 조례,전북특별자치도 순창군,2097909
순창군,군,전북특별자치도 순창군,녹색,,,
고창군,군,전북특별자치도 고창군,도시계획,고창군 계획 조례,전북특별자치도 고창군,2105969
고창군,군,전북특별자치도 고창군,건축,고창군 건축 조례,전북특별자치도 고창군,1995287
고창군,군,전북특별자치도 고창군,주차,고창군 주차장 조례,전북특별자치도 고창군,1995295
고창군,군,전북특별자치도 고창군,녹색,,,
부안군,군,전북특별자치도 부안군,도시계획,부안군 군계획 조례,전북특별자치도 부안군,2059843
부안군,군,전북특별자치도 부안군,건축,부안군 건축 조례,전북특별자치도 부안군,2014971
부안군,군,전북특별자치도 부안군,주차,부안군 주차장 조례,전북특별자치도 부안군,2091451
부안군,군,전북특별자치도 부안군,녹색,,,
담양군,군,전라남도 담양군,도시계획,담양군 계획 조례,전라남도 담양군,2123711
담양군,군,전라남도 담양군,건축,담양군 건축 조례,전라남도 담양군,2105465
담양군,군,전라남도 담양군,주차,담양군 주차장 조례,전라남도 담양군,2114973
담양군,군,전라남도 담양군,녹색,,,
곡성군,군,전라남도 곡성군,도시계획,곡성군 군계획 조례,전라남도 곡성군,2100715
곡성군,군,전라남도 곡성군,건축,곡성군 건축 조례,전라남도 곡성군,2059501
곡성군,군,전라남도 곡성군,주차,곡성군 주차장 조례,전라남도 곡성군,2002903
곡성군,군,전라남도 곡성군,녹색,,,
구례군,군,전라남도 구례군,도시계획,구례군계획 조례,전라남도 구례군,1931817
구례군,군,전라남도 구례군,건축,구례군 건축 조례,전라남도 구례군,1901619
구례군,군,전라남도 구례군,주차,구례군 주차장 조례,전라남도 구례군,2022261
구례군,군,전라남도 구례군,녹색,,,
고흥군,군,전라남도 고흥군,도시계획,고흥군 군계획 조례,전라남도 고흥군,2099347
고흥군,군,전라남도 고흥군,건축,고흥군 건축 조례,전라남도 고흥군,2042315
고흥군,군,전라남도 고흥군,주차,고흥군 주차장 조례,전라남도 고흥군,1870361
고흥군,군,전라남도 고흥군,녹색,,,
보성군,군,전라남도 보성군,도시계획,보성군 군계획 조례,전라남도 보성군,2123169
보성군,군,전라남도 보성군,건축,보성군 건축조례,전라남도 보성군,2133865
보성군,군,전라남도 보성군,주차,보성군 주차장 조례,전라남도 보성군,1764049
보성군,군,전라남도 보성군,녹색,,,
화순군,군,전라남도 화순군,도시계획,화순군 도시계획 조례,전라남도 화순군,2095815
화순군,군,전라남도 화순군,건축,화순군 건축 조례,전라남도 화순군,2110423
화순군,군,전라남도 화순군,주차,화순군 주차장 조례,전라남도 화순군,2095555
화순군,군,전라남도 화순군,녹색,,,
장흥군,군,전라남도 장흥군,도시계획,장흥군 관리계획 조례,전라남도 장흥군,2052149
장흥군,군,전라남도 장흥군,건축,장흥군 건축 조례,전라남도 장흥군,2052065
장흥군,군,전라남도 장흥군,주차,장흥군 주차장설치 및 관리 조례,전라남도 장흥군,1986953
장흥군,군,전라남도 장흥군,녹색,,,
강진군,군,전라남도 강진군,도시계획,강진군 군계획 조례,전라남도 강진군,2080951
강진군,군,전라남도 강진군,건축,강진군 건축 조례,전라남도 강진군,2014503
강진군,군,전라남도 강진군,주차,강진군 주차장 조례,전라남도 강진군,2130809
강진군,군,전라남도 강진군,녹색,,,
해남군,군,전라남도 해남군,도시계획,해남군 군계획 조례,전라남도 해남군,2092395
해남군,군,전라남도 해남군,건축,해남군 건축 조례,전라남도 해남군,2049521
해남군,군,전라남도 해남군,주차,해남군 주차장 조례,전라남도 해남군,2118387
해남군,군,전라남도 해남군,녹색,,,
영암군,군,전라남도 영암군,도시계획,영암군 도시계획 조례,전라남도 영암군,2097965
영암군,군,전라남도 영암군,건축,영암군 건축 조례,전라남도 영암군,2066379
영암군,군,전라남도 영암군,주차,영암군 주차장 조례,전라남도 영암군,2093697
영암군,군,전라남도 영암군,녹색,,,
무안군,군,전라남도 무안군,도시계획,무안군 관리계획 조례,전라남도 무안군,2119865
무안군,군,전라남도 무안군,건축,무안군 건축 조례,전라남도 무안군,1897705
무안군,군,전라남도 무안군,주차,무안군 주차장 조례,전라남도 무안군,1834201
무안군,군,전라남도 무안군,녹색,,,
함평군,군,전라남도 함평군,도시계획,함평군 군계획 조례,전라남도 함평군,2087531
함평군,군,전라남도 함평군,건축,함평군 건축 조례,전라남도 함평군,2087283
함평군,군,전라남도 함평군,주차,함평군 주차장 조례,전라남도 함평군,1644001
함평군,군,전라남도 함평군,녹색,,,
영광군,군,전라남도 영광군,도시계획,영광군 도시계획 조례,전라남도 영광군,2126925
영광군,군,전라남도 영광군,건축,영광군 건축 조례,전라남도 영광군,2126949
영광군,군,전라남도 영광군,주차,,,
영광군,군,전라남도 영광군,녹색,,,
장성군,군,전라남도 장성군,도시계획,장성군 도시계획 조례,전라남도 장성군,2129861
장성군,군,전라남도 장성군,건축,장성군 건축 조례,전라남도 장성군,2129825
장성군,군,전라남도 장성군,주차,장성군 주차장 조례,전라남도 장성군,2068215
장성군,군,전라남도 장성군,녹색,,,
완도군,군,전라남도 완도군,도시계획,완도군 도시계획 조례,전라남도 완도군,2108925
완도군,군,전라남도 완도군,건축,완도군 건축 조례,전라남도 완도군,2092871
완도군,군,전라남도 완도군,주차,완도군 주차장 조례,전라남도 완도군,1530527
완도군,군,전라남도 완도군,녹색,,,
진도군,군,전라남도 진도군,도시계획,진도군계획 조례,전라남도 진도군,2133547
진도군,군,전라남도 진도군,건축,진도군 건축 조례,전라남도 진도군,1884879
진도군,군,전라남도 진도군,주차,진도군 주차장 조례,전라남도 진도군,1764969
진도군,군,전라남도 진도군,녹색,,,
신안군,군,전라남도 신안군,도시계획,신안군 도시계획 조례,전라남도 신안군,2119229
신안군,군,전라남도 신안군,건축,신안군 건축 조례,전라남도 신안군,2106005
신안군,군,전라남도 신안군,주차,신안군 주차장 설치 및 관리 조례,전라남도 신안군,2018729
신안군,군,전라남도 신안군,녹색,,,
의성군,군,경상북도 의성군,도시계획,의성군 도시계획 조례,경상북도 의성군,2124091
의성군,군,경상북도 의성군,건축,의성군 건축 조례,경상북도 의성군,2103555
의성군,군,경상북도 의성군,주차,의성군 주차장 조례,경상북도 의성군,2124115
의성군,군,경상북도 의성군,녹색,,,
청송군,군,경상북도 청송군,도시계획,청송군 도시계획 조례,경상북도 청송군,2048533
청송군,군,경상북도 청송군,건축,청송군 건축 조례,경상북도 청송군,1896103
청송군,군,경상북도 청송군,주차,청송군 주차장 설치 및 관리 조례,경상북도 청송군,1564497
청송군,군,경상북도 청송군,녹색,,,
영양군,군,경상북도 영양군,도시계획,영양군 군계획 조례,경상북도 영양군,2094775
영양군,군,경상북도 영양군,건축,영양군 건축 조례,경상북도 영양군,1886975
영양군,군,경상북도 영양군,주차,영양군 주차장 조례,경상북도 영양군,2117271
영양군,군,경상북도 영양군,녹색,,,
영덕군,군,경상북도 영덕군,도시계획,영덕군 군계획 조례,경상북도 영덕군,2095663
영덕군,군,경상북도 영덕군,건축,영덕군 건축 조례,경상북도 영덕군,2027583
영덕군,군,경상북도 영덕군,주차,영덕군 주차장 설치 및 관리 조례,경상북도 영덕군,1567713
영덕군,군,경상북도 영덕군,녹색,,,
청도군,군,경상북도 청도군,도시계획,청도군 군계획 조례,경상북도 청도군,2106363
청도군,군,경상북도 청도군,건축,청도군 건축조례,경상북도 청도군,2028939
청도군,군,경상북도 청도군,주차,청도군 주차장 조례,경상북도 청도군,1411018
청도군,군,경상북도 청도군,녹색,,,
고령군,군,경상북도 고령군,도시계획,고령군 군계획 조례,경상북도 고령군,2122635
고령군,군,경상북도 고령군,건축,고령군 건축 조례,경상북도 고령군,1901319
고령군,군,경상북도 고령군,주차,고령군 주차장 조례,경상북도 고령군,1883057
고령군,군,경상북도 고령군,녹색,,,
성주군,군,경상북도 성주군,도시계획,성주군 도시계획조례,경상북도 성주군,2092439
성주군,군,경상북도 성주군,건축,성주군 건축조례,경상북도 성주군,2077865
성주군,군,경상북도 성주군,주차,성주군 주차장 조례,경상북도 성주군,2082529
성주군,군,경상북도 성주군,녹색,,,
칠곡군,군,경상북도 칠곡군,도시계획,칠곡군 도시계획 조례,경상북도 칠곡군,2098119
칠곡군,군,경상북도 칠곡군,건축,칠곡군 건축 조례,경상북도 칠곡군,2110129
칠곡군,군,경상북도 칠곡군,주차,칠곡군 주차장 조례,경상북도 칠곡군,1261093
칠곡군,군,경상북도 칠곡군,녹색,,,
예천군,군,경상북도 예천군,도시계획,예천군 군계획 조례,경상북도 예천군,2096259
예천군,군,경상북도 예천군,건축,예천군 건축 조례,경상북도 예천군,2096263
예천군,군,경상북도 예천군,주차,예천군 주차장 조례,경상북도 예천군,1925583
예천군,군,경상북도 예천군,녹색,,,
봉화군,군,경상북도 봉화군,도시계획,봉화군 군계획 조례,경상북도 봉화군,2093765
봉화군,군,경상북도 봉화군,건축,봉화군 건축 조례,경상북도 봉화군,2089465
봉화군,군,경상북도 봉화군,주차,봉화군 주차장 조례,경상북도 봉화군,2113331
봉화군,군,경상북도 봉화군,녹색,,,
울진군,군,경상북도 울진군,도시계획,울진군 군계획조례,경상북도 울진군,1807053
울진군,군,경상북도 울진군,건축,울진군 건축조례,경상북도 울진군,1972073
울진군,군,경상북도 울진군,주차,울진군주차장조례,경상북도 울진군,2040255
울진군,군,경상북도 울진군,녹색,,,
울릉군,군,경상북도 울릉군,도시계획,울릉군 군계획 조례,경상북도 울릉군,2125271
울릉군,군,경상북도 울릉군,건축,울릉군 건축 조례,경상북도 울릉군,1770513
울릉군,군,경상북도 울릉군,주차,울릉군 주차장 조례,경상북도 울릉군,2125269
울릉군,군,경상북도 울릉군,녹색,,,
의령군,군,경상남도 의령군,도시계획,의령군 계획 조례,경상남도 의령군,2116509
의령군,군,경상남도 의령군,건축,의령군 건축 조례,경상남도 의령군,1885041
의령군,군,경상남도 의령군,주차,의령군 주차장 조례,경상남도 의령군,1411963
의령군,군,경상남도 의령군,녹색,,,
함안군,군,경상남도 함안군,도시계획,함안군 계획 조례,경상남도 함안군,2110485
함안군,군,경상남도 함안군,건축,함안군 건축 조례,경상남도 함안군,2034609
함안군,군,경상남도 함안군,주차,함안군 주차장 조례,경상남도 함안군,1977587
함안군,군,경상남도 함안군,녹색,,,
창녕군,군,경상남도 창녕군,도시계획,창녕군계획 조례,경상남도 창녕군,2093817
창녕군,군,경상남도 창녕군,건축,창녕군 건축 조례,경상남도 창녕군,2093825
창녕군,군,경상남도 창녕군,주차,창녕군 주차장 조례,경상남도 창녕군,1585875
창녕군,군,경상남도 창녕군,녹색,,,
고성군,군,경상남도 고성군,도시계획,고성군계획 조례,경상남도 고성군,2095695
고성군,군,경상남도 고성군,건축,고성군 건축 조례,경상남도 고성군,1973561
고성군,군,경상남도 고성군,주차,고성군 주차장 조례,경상남도 고성군,1940583
고성군,군,경상남도 고성군,녹색,,,
남해군,군,경상남도 남해군,도시계획,남해군 도시계획 조례,경상남도 남해군,2119933
남해군,군,경상남도 남해군,건축,남해군 건축 조례,경상남도 남해군,2119931
남해군,군,경상남도 남해군,주차,남해군 주차장 조례,경상남도 남해군,1923161
남해군,군,경상남도 남해군,녹색,,,
하동군,군,경상남도 하동군,도시계획,하동군 계획 조례,경상남도 하동군,2125873
하동군,군,경상남도 하동군,건축,하동군 건축 조례,경상남도 하동군,2025571
하동군,군,경상남도 하동군,주차,하동군 주차장 조례,경상남도 하동군,2036725
하동군,군,경상남도 하동군,녹색,,,
산청군,군,경상남도 산청군,도시계획,산청군 군계획 조례,경상남도 산청군,2089703
산청군,군,경상남도 산청군,건축,산청군 건축 조례,경상남도 산청군,2033539
산청군,군,경상남도 산청군,주차,산청군 주차장 조례,경상남도 산청군,1579995
산청군,군,경상남도 산청군,녹색,,,
함양군,군,경상남도 함양군,도시계획,함양군 군계획 조례,경상남도 함양군,2051639
함양군,군,경상남도 함양군,건축,함양군 건축 조례,경상남도 함양군,1921639
함양군,군,경상남도 함양군,주차,함양군 주차장 설치 및 관리 조례,경상남도 함양군,2119253
함양군,군,경상남도 함양군,녹색,,,
거창군,군,경상남도 거창군,도시계획,거창군 계획조례,경상남도 거창군,2103751
거창군,군,경상남도 거창군,건축,거창군 건축 조례,경상남도 거창군,2069885
거창군,군,경상남도 거창군,주차,거창군 주차장 설치 및 관리 조례,경상남도 거창군,2103757
거창군,군,경상남도 거창군,녹색,,,
합천군,군,경상남도 합천군,도시계획,합천군 군계획 조례,경상남도 합천군,2123757
합천군,군,경상남도 합천군,건축,합천군 건축 조례,경상남도 합천군,2093949
합천군,군,경상남도 합천군,주차,합천군 주차장 설치 및 관리 조례,경상남도 합천군,2123745
합천군,군,경상남도 합천군,녹색,,,
기장군,군,부산광역시 기장군,도시계획,부산광역시 기장군 도시계획 조례,부산광역시 기장군,2069525
기장군,군,부산광역시 기장군,건축,부산광역시 기장군 건축 조례,부산광역시 기장군,2120273
기장군,군,부산광역시 기장군,주차,부산광역시 기장군 주차장 설치 및 관리 조례,부산광역시 기장군,2071507
기장군,군,부산광역시 기장군,녹색,,,
달성군,군,대구광역시 달성군,도시계획,,,
달성군,군,대구광역시 달성군,건축,대구광역시 달성군 건축 조례,대구광역시 달성군,2054059
달성군,군,대구광역시 달성군,주차,대구광역시 달성군 주차장 설치 및 관리 조례,대구광역시 달성군,2032689
달성군,군,대구광역시 달성군,녹색,,,
군위군,군,대구광역시 군위군,도시계획,,,
군위군,군,대구광역시 군위군,건축,대구광역시 군위군 건축 조례,대구광역시 군위군,2117707
군위군,군,대구광역시 군위군,주차,대구광역시 군위군 주차장 조례,대구광역시 군위군,2068957
군위군,군,대구광역시 군위군,녹색,,,
강화군,군,인천광역시 강화군,도시계획,,,
강화군,군,인천광역시 강화군,건축,강화군 건축 조례,인천광역시 강화군,2014697
강화군,군,인천광역시 강화군,주차,강화군 주차장 설치 및 관리 조례,인천광역시 강화군,2071593
강화군,군,인천광역시 강화군,녹색,,,
옹진군,군,인천광역시 옹진군,도시계획,,,
옹진군,군,인천광역시 옹진군,건축,옹진군 건축 조례,인천광역시 옹진군,1984767
옹진군,군,인천광역시 옹진군,주차,옹진군 주차장 설치 및 관리 조례,인천광역시 옹진군,1808489
옹진군,군,인천광역시 옹진군,녹색,,,
울주군,군,울산광역시 울주군,도시계획,울산광역시 울주군 도시계획 조례,울산광역시 울주군,1966605
울주군,군,울산광역시 울주군,건축,울산광역시 울주군 건축 조례,울산광역시 울주군,2079721
울주군,군,울산광역시 울주군,주차,울산광역시 울주군 주차장 설치 및 관리 조례,울산광역시 울주군,2050523
울주군,군,울산광역시 울주군,녹색,,,
